50,tp_50
51,tp_Newsletter2
52,tp_52
53,tp_FightingFFC_Amateur
54,tp_FightingFFC_Pro
55,tp_FightingFFC_Champ
56,tp_56
57,tp_AlgoInvestorNewsletter_3Month
58,tp_AlgoInvestorNewsletter_Annual
59,tp_59
60,tp_SaaSFintechTool_Level_0
61,tp_SaaSFintechTool_Level_1
62,tp_SaaSFintechTool_Level_2
63,tp_SaaSFintechTool_Level_3
64,tp_64
65,tp_65
66,tp_66
67,tp_67
68,tp_68
69,tp_69
70,tp_70
71,tp_71
72,tp_72
73,tp_73
74,tp_74
75,tp_75
76,tp_76
77,tp_77
78,tp_78
79,tp_79
80,tp_80
81,tp_81
82,tp_82
83,tp_83
84,tp_84
85,tp_85
86,tp_86
87,tp_87
88,tp_88
89,tp_30MinCall
90,tp_90
91,tp_91
92,tp_92
93,tp_93
94,tp_94
95,tp_95
96,tp_96
97,tp_97
98,tp_98
99,tp_99
100,tp_100
500,p_500
1000,p_1000
2500,p_2500
1997,FitnessRingMitts_Only
1998,p_1998
1999,AlgoInvestorNewsletter_3Month
2000,p_2000
2499,p_2499
2500,p_2500
2997,FightingFFC_Amateur
2998,p_2998
2999,SaaSFintechTool_Level_0
3000,p_3000
3499,p_3499
3998,DeckOfCards_54MarketMaxims
3999,p_3999
4998,FightingFFC_Pro
4999,AlgoInvestorNewsletter_Annual
6499,SaaSFintechTool_Level_1
6698,FightingFFC_Champ
6699,SaaSFintechTool_Level_2
6700,SaaSFintechTool_Level_3
6800,p_6800
6998,p_6998
6999,p_6999
7499,p_7499
9499,MasterClass_1
9997,MasterClass_2
9998,MasterClass_3
9999,MasterClass_4
10000,p_10000
15000,CashflowYourLifeTailored
20000,p_20000
25000,15MinCall
30000,IntraDayBuySellSignals
35000,DailyPriceLevels
40000,CUSTOM_SCANS
50000,30MinCall
75000,CashflowYourBizTailored
89900,60MinCall
90000,TailoredOptionsSpreadsheet
95000,p_95000
99700,p_99700
99800,p_99800
99900,p_99900
120000,p_120000
150000,p_150000
199700,p_199700
199800,p_199800
249900,p_249900
399700,p_399700